ID,Country,owns_car,owns_TV,owns_house,owns_Phone,gender,Age,income,owned_goods,wealth_category,age_group
1,United States,1.0,1.0,1.0,1,Male,35.0,1235.7994748636925,4.0,Medium,30-49
2,Canada,1.0,0.0,1.0,1,Female,42.0,955.2748240301088,3.0,Low,30-49
3,United Kingdom,0.0,1.0,0.0,1,Male,28.0,1269.5410602758377,2.0,Medium,18-29
4,Australia,1.0,1.0,1.0,1,Female,39.0,1373.9207715731009,4.0,Medium,30-49
5,Germany,1.0,1.0,1.0,1,Male,51.0,1134.7800479361588,4.0,Low,50+
7,India,0.0,1.0,0.0,1,Male,29.0,1721.2137474370222,2.0,Very High,18-29
8,Brazil,1.0,1.0,1.0,1,Female,37.0,1397.2846483899975,4.0,High,30-49
11,Mexico,1.0,1.0,1.0,1,Male,41.0,1395.989984695084,4.0,Medium,30-49
12,Italy,1.0,1.0,1.0,1,Female,36.0,1465.4967156300927,4.0,High,30-49
13,Russia,1.0,1.0,1.0,1,Male,53.0,1787.3937853169716,4.0,Very High,50+
14,Spain,1.0,1.0,1.0,1,Female,47.0,1859.9338210654823,4.0,Very High,30-49
15,South Africa,1.0,0.0,1.0,1,Male,31.0,1543.6494017675495,3.0,High,30-49
17,Argentina,1.0,1.0,1.0,1,Male,43.0,1685.4946302525962,4.0,Very High,30-49
18,Netherlands,1.0,1.0,1.0,1,Female,44.0,1395.989984695084,4.0,Medium,30-49
20,Switzerland,1.0,1.0,1.0,1,Female,40.0,2212.454860926349,4.0,Very High,30-49
21,Norway,1.0,0.0,1.0,1,Male,62.70242914979757,1308.646911252275,3.0,Medium,50+
22,Unknown,1.0,1.0,1.0,1,Female,46.0,1586.6668793795443,4.0,High,30-49
23,Finland,1.0,1.0,1.0,1,Male,50.0,1685.9975528824943,4.0,Very High,50+
24,Belgium,1.0,1.0,1.0,1,Female,49.0,1395.989984695084,4.0,Medium,30-49
25,Poland,1.0,1.0,1.0,1,Male,32.0,1888.8258321868416,4.0,Very High,30-49
26,Turkey,1.0,0.0,1.0,1,Female,55.0,1019.0023315440536,3.0,Low,50+
27,Greece,1.0,1.0,1.0,1,Male,54.0,1311.9113506003814,4.0,Medium,50+
28,Austria,1.0,1.0,1.0,1,Female,56.0,2079.0350502378665,4.0,Very High,50+
30,Ireland,1.0,1.0,1.0,1,Female,59.0,1395.989984695084,4.0,Medium,50+
31,New Zealand,1.0,1.0,1.0,1,Male,57.0,1915.1141736663312,4.0,Very High,50+
32,Singapore,1.0,1.0,1.0,1,Female,60.0,1302.4133876018243,4.0,Medium,50+
33,Hong Kong,1.0,1.0,1.0,1,Male,52.0,1558.6327897751526,4.0,High,50+
34,Israel,1.0,1.0,1.0,1,Female,61.0,1370.6995398111692,4.0,Medium,50+
35,Unknown,1.0,0.0,1.0,1,Male,62.0,796.4128143252572,3.0,Low,50+
36,Chile,1.0,1.0,1.0,1,Female,63.0,1604.7585597059615,4.0,Very High,50+
38,Egypt,1.0,1.0,1.0,1,Female,65.0,1106.799634016416,4.0,Low,50+
39,Indonesia,1.0,0.0,1.0,1,Male,66.0,1753.216846111862,3.0,Very High,50+
41,Thailand,1.0,1.0,1.0,1,Male,68.0,2130.341950738267,4.0,Very High,50+
42,Malaysia,1.0,1.0,1.0,1,Female,69.0,1928.67395870226,4.0,Very High,50+
43,Vietnam,1.0,1.0,1.0,1,Male,70.0,851.0167353407893,4.0,Low,50+
44,Saudi Arabia,1.0,1.0,1.0,1,Female,62.70242914979757,1575.7151783927184,4.0,High,50+
45,United Arab Emirates,1.0,1.0,1.0,1,Male,72.0,955.6483283911788,4.0,Low,50+
46,Nigeria,1.0,1.0,1.0,1,Female,73.0,1890.0110838532944,4.0,Very High,50+
48,Kenya,1.0,1.0,1.0,1,Female,75.0,1395.989984695084,4.0,Medium,50+
49,Morocco,1.0,1.0,1.0,1,Male,76.0,1089.504811693645,4.0,Low,50+
50,Algeria,1.0,1.0,1.0,1,Female,62.70242914979757,1642.4447529161985,4.0,Very High,50+
51,Ethiopia,1.0,1.0,1.0,1,Male,78.0,1140.2770549290208,4.0,Low,50+
52,Ghana,1.0,1.0,1.0,1,Female,79.0,1616.759693519372,4.0,Very High,50+
54,Senegal,1.0,1.0,1.0,1,Female,81.0,1186.1346886177612,4.0,Medium,50+
55,Uganda,1.0,1.0,1.0,1,Male,82.0,1653.5545094051877,4.0,Very High,50+
56,Tunisia,1.0,1.0,1.0,1,Female,83.0,1325.2406125179282,4.0,Medium,50+
57,Angola,1.0,1.0,1.0,1,Male,62.70242914979757,1537.7718740197756,4.0,High,50+
58,Zimbabwe,1.0,1.0,1.0,1,Female,85.0,1360.1635525465,4.0,Medium,50+
59,Zambia,1.0,1.0,1.0,1,Male,86.0,1031.1266817745204,4.0,Low,50+
61,Cameroon,1.0,1.0,1.0,1,Male,88.0,1098.6720689373556,4.0,Low,50+
62,Ivory Coast,1.0,1.0,1.0,1,Female,89.0,1395.989984695084,4.0,Medium,50+
63,Madagascar,1.0,1.0,1.0,1,Male,90.0,1243.1705123487852,4.0,Medium,50+
64,Myanmar,1.0,1.0,1.0,1,Female,91.0,1311.09253099365,4.0,Medium,50+
65,Mali,1.0,1.0,1.0,1,Male,92.0,984.806574039346,4.0,Low,50+
66,Malawi,1.0,1.0,1.0,1,Female,93.0,1356.462685204192,4.0,Medium,50+
67,Unknown,1.0,1.0,1.0,1,Male,94.0,1227.732828561606,4.0,Medium,50+
68,Burkina Faso,1.0,1.0,1.0,1,Female,62.70242914979757,1793.162655443336,4.0,Very High,50+
69,Somalia,1.0,1.0,1.0,1,Male,62.70242914979757,1613.2518547747602,4.0,Very High,50+
71,Togo,1.0,1.0,1.0,1,Male,98.0,1957.371849562412,4.0,Very High,50+
72,Sudan,1.0,1.0,1.0,1,Female,99.0,1262.1164695965326,4.0,Medium,50+
74,Argentina,1.0,1.0,1.0,1,Female,101.0,921.3959523412992,4.0,Low,50+
75,Canada,1.0,1.0,1.0,1,Male,102.0,1371.8758586745455,4.0,Medium,50+
76,Australia,1.0,1.0,1.0,1,Female,103.0,1689.8071434555814,4.0,Very High,50+
77,India,1.0,1.0,1.0,1,Male,104.0,1476.572576689553,4.0,High,50+
78,Unknown,1.0,1.0,1.0,1,Female,105.0,1627.8557390406395,4.0,Very High,50+
79,France,1.0,1.0,1.0,1,Male,106.0,1071.2341624393182,4.0,Low,50+
80,Brazil,1.0,1.0,1.0,1,Female,107.0,1259.9994699245626,4.0,Medium,50+
81,United Kingdom,1.0,1.0,1.0,1,Male,108.0,1687.267106380284,4.0,Very High,50+
82,Germany,1.0,1.0,1.0,1,Female,109.0,1082.5156200963447,4.0,Low,50+
83,China,1.0,1.0,1.0,1,Male,110.0,1017.3238105212126,4.0,Low,50+
84,Japan,1.0,1.0,1.0,1,Female,111.0,1753.4588685636236,4.0,Very High,50+
85,Mexico,1.0,1.0,1.0,1,Male,112.0,1036.6634419944485,4.0,Low,50+
87,Spain,1.0,1.0,1.0,1,Male,114.0,1395.989984695084,4.0,Medium,50+
88,South Africa,1.0,1.0,1.0,1,Female,115.0,897.1557178226344,4.0,Low,50+
89,South Korea,1.0,1.0,1.0,1,Male,116.0,1334.0371558594882,4.0,Medium,50+
90,Netherlands,1.0,1.0,1.0,1,Female,117.0,1619.7918907367307,4.0,Very High,50+
92,Switzerland,1.0,1.0,1.0,1,Female,119.0,1736.564164125582,4.0,Very High,50+
93,Norway,1.0,1.0,1.0,1,Male,120.0,1395.989984695084,4.0,Medium,50+
94,Denmark,1.0,1.0,1.0,1,Female,121.0,1262.415683453568,4.0,Medium,50+
95,Finland,1.0,1.0,1.0,1,Male,62.70242914979757,1348.1287779521615,4.0,Medium,50+
96,Belgium,1.0,1.0,1.0,1,Female,123.0,1395.989984695084,4.0,Medium,50+
98,Turkey,1.0,1.0,1.0,1,Female,125.0,1149.756200993576,4.0,Low,50+
100,Unknown,1.0,1.0,1.0,1,Female,127.0,864.4482474942662,4.0,Low,50+
101,Belgium,1.0,0.0,1.0,1,Male,16.0,1192.744892161942,3.0,Medium,0-17
102,Philippines,1.0,1.0,0.0,0,Male,43.0,1291.7297726389493,2.0,Medium,30-49
104,Philippines,0.0,0.0,1.0,0,Female,55.0,1565.9483828661705,1.0,High,50+
105,Belgium,1.0,1.0,1.0,0,Female,98.0,895.2132875015766,3.0,Low,50+
108,Nigeria,1.0,0.0,1.0,0,Female,86.0,1346.420669619532,2.0,Medium,50+
109,Peru,0.0,0.0,1.0,0,Female,51.0,1471.6087000980783,1.0,High,50+
111,Sweden,0.0,1.0,0.0,1,Male,111.0,1187.7052341095523,2.0,Medium,50+
112,United States,1.0,0.0,0.0,1,Female,96.0,981.4052738971824,2.0,Low,50+
113,Belgium,0.0,1.0,1.0,0,Female,65.0,988.2318016238308,2.0,Low,50+
114,Mexico,0.0,1.0,0.0,1,Male,71.0,1775.4707808492735,2.0,Very High,50+
115,Italy,0.0,0.0,0.0,0,Female,101.0,1088.3998010193486,0.0,Low,50+
116,Vietnam,0.0,1.0,0.0,0,Male,47.0,1411.561040219134,1.0,High,30-49
118,Ukraine,0.0,1.0,1.0,1,Male,104.0,1516.7793498395208,3.0,High,50+
119,Philippines,1.0,1.0,0.0,0,Male,18.0,693.7560543588445,1.0,Low,18-29
121,New Zealand,1.0,1.0,0.0,1,Male,61.0,1096.7657987372922,3.0,Low,50+
122,Norway,0.0,0.0,1.0,1,Female,14.0,1396.3298685778493,2.0,High,0-17
123,United States,0.0,1.0,0.0,0,Female,73.0,943.9414116221536,1.0,Low,50+
124,Vietnam,0.0,1.0,0.0,1,Male,69.0,1473.9770123756048,2.0,High,50+
125,Vietnam,1.0,1.0,0.0,0,Female,62.0,1615.163047260539,2.0,Very High,50+
128,Nigeria,1.0,1.0,1.0,0,Female,67.0,1227.072413553351,3.0,Medium,50+
131,Chile,1.0,1.0,1.0,0,Male,83.0,565.0933894388527,3.0,Low,50+
132,Netherlands,0.0,0.0,0.0,1,Male,56.0,1149.1339061535396,1.0,Low,50+
133,Unknown,1.0,0.0,0.0,0,Male,62.70242914979757,969.8698031841992,1.0,Low,50+
134,South Africa,0.0,1.0,1.0,0,Male,62.70242914979757,1041.8061491291069,2.0,Low,50+
135,United Kingdom,1.0,1.0,0.0,0,Male,62.70242914979757,1233.5204050169534,2.0,Medium,50+
136,Pakistan,1.0,0.0,0.0,0,Male,91.0,1397.1241898213116,1.0,High,50+
138,Poland,0.0,1.0,1.0,1,Male,106.0,1361.3155393209274,3.0,Medium,50+
139,Norway,0.0,1.0,1.0,0,Female,86.0,1395.989984695084,2.0,Medium,50+
140,United States,0.0,1.0,0.0,0,Female,81.0,1855.8138193181087,1.0,Very High,50+
141,Philippines,1.0,0.0,1.0,0,Female,91.0,1647.916676281909,2.0,Very High,50+
142,Vietnam,0.0,0.0,1.0,1,Male,62.70242914979757,1614.7955786025343,2.0,Very High,50+
143,Indonesia,1.0,1.0,1.0,0,Male,89.0,1802.873562012888,3.0,Very High,50+
144,Brazil,0.0,0.0,0.0,1,Female,111.0,890.1923373345819,1.0,Low,50+
146,Singapore,0.0,0.0,0.0,1,Female,49.0,1536.9434626424102,1.0,High,30-49
147,Netherlands,0.0,1.0,1.0,0,Male,80.0,1371.1774349173215,2.0,Medium,50+
149,Italy,0.0,0.0,1.0,1,Male,74.0,1460.3377489151017,2.0,High,50+
150,Costa Rica,0.0,1.0,1.0,1,Male,86.0,973.5851915874076,3.0,Low,50+
152,Canada,1.0,1.0,0.0,1,Male,102.0,831.4291290334199,3.0,Low,50+
153,Norway,1.0,1.0,0.0,0,Female,46.0,1316.6763681279206,2.0,Medium,30-49
154,Russian Federation,0.0,0.0,1.0,0,Male,62.70242914979757,1769.6316022641493,1.0,Very High,50+
156,Italy,0.0,0.0,1.0,1,Female,65.0,1563.7204923866757,2.0,High,50+
157,Indonesia,1.0,1.0,1.0,0,Female,62.70242914979757,1735.006083760376,3.0,Very High,50+
158,New Zealand,1.0,0.0,0.0,1,Male,91.0,1792.1854686394156,2.0,Very High,50+
159,Ukraine,0.0,1.0,0.0,0,Male,15.0,953.4285551226028,1.0,Low,0-17
160,Australia,0.0,0.0,1.0,1,Female,62.70242914979757,1288.6981250770052,2.0,Medium,50+
161,India,1.0,1.0,1.0,1,Male,73.0,1091.291455778187,4.0,Low,50+
162,Colombia,1.0,1.0,0.0,1,Male,73.0,1730.9588872929144,3.0,Very High,50+
164,South Korea,1.0,1.0,0.0,0,Female,61.0,875.8109536685231,2.0,Low,50+
165,Italy,0.0,0.0,1.0,0,Male,14.0,1395.989984695084,0.0,Medium,0-17
166,South Africa,0.0,0.0,1.0,1,Female,78.0,1141.1570240300305,2.0,Low,50+
167,Pakistan,0.0,0.0,0.0,1,Female,51.0,965.0908240967892,1.0,Low,50+
168,Austria,0.0,0.0,0.0,0,Female,106.0,1348.7616903345995,0.0,Medium,50+
170,South Africa,1.0,0.0,1.0,1,Male,68.0,715.855924636671,3.0,Low,50+
172,Brazil,1.0,0.0,0.0,0,Male,62.70242914979757,1774.9537750655795,1.0,Very High,50+
173,Poland,0.0,0.0,0.0,0,Male,101.0,1888.6586874481727,0.0,Very High,50+
177,Belgium,1.0,0.0,1.0,1,Male,62.70242914979757,1446.491738660456,3.0,High,50+
178,Unknown,1.0,0.0,1.0,1,Female,63.0,1506.677946729877,3.0,High,50+
179,Australia,1.0,0.0,0.0,0,Female,104.0,923.4155184121842,1.0,Low,50+
180,Germany,1.0,1.0,1.0,1,Male,102.0,1457.681345297119,4.0,High,50+
181,Turkey,1.0,0.0,1.0,1,Male,66.0,1510.0973203326869,3.0,High,50+
182,Mexico,1.0,1.0,1.0,0,Male,54.0,1173.7519891754498,3.0,Low,50+
183,Sweden,1.0,1.0,0.0,0,Female,15.0,1851.6337813147588,2.0,Very High,0-17
184,Chile,0.0,1.0,0.0,0,Male,92.0,1009.0326814363144,1.0,Low,50+
186,France,0.0,0.0,1.0,1,Male,30.0,1395.989984695084,2.0,Medium,30-49
188,Netherlands,1.0,0.0,0.0,1,Male,75.0,1649.1893775113142,2.0,Very High,50+
189,South Africa,0.0,0.0,1.0,0,Male,62.70242914979757,1038.2988672833874,1.0,Low,50+
190,Colombia,0.0,1.0,1.0,0,Female,33.0,1557.5531472078642,2.0,High,30-49
191,Netherlands,1.0,1.0,0.0,0,Female,106.0,619.041176279915,2.0,Low,50+
193,France,1.0,1.0,0.0,1,Male,31.0,1160.0009000790808,3.0,Low,30-49
194,Chile,1.0,0.0,1.0,0,Female,63.0,1171.9695518625444,2.0,Low,50+
196,Austria,0.0,0.0,0.0,0,Male,34.0,975.8910865108498,0.0,Low,30-49
197,Russian Federation,1.0,1.0,0.0,0,Female,72.0,1628.1274443271109,2.0,Very High,50+
198,Philippines,1.0,1.0,0.0,1,Female,62.70242914979757,961.2765171948568,3.0,Low,50+
199,Austria,0.0,1.0,1.0,1,Female,22.0,884.6551085734267,3.0,Low,18-29
201,Unknown,1.0,0.0,1.0,1,Male,62.70242914979757,1197.7924818161057,3.0,Medium,50+
202,New Zealand,0.0,0.0,1.0,1,Female,23.0,1708.0782212583945,2.0,Very High,18-29
203,Nigeria,0.0,0.0,1.0,0,Female,47.0,819.8797409045238,1.0,Low,30-49
204,Ireland,0.0,0.0,1.0,1,Male,48.0,1780.5340852860302,2.0,Very High,30-49
205,Spain,1.0,0.0,1.0,0,Female,40.0,1395.989984695084,2.0,Medium,30-49
206,Unknown,0.0,1.0,1.0,1,Male,15.0,1181.9983571747152,3.0,Medium,0-17
207,Austria,1.0,1.0,1.0,1,Female,101.0,2221.7902681263954,4.0,Very High,50+
208,Sweden,0.0,0.0,0.0,1,Female,95.0,900.3878071961394,1.0,Low,50+
209,South Africa,1.0,1.0,1.0,1,Female,15.0,889.9099766001485,4.0,Low,0-17
210,China,1.0,0.0,0.0,1,Female,39.0,1190.263660886792,2.0,Medium,30-49
212,Spain,1.0,1.0,1.0,1,Female,68.0,1007.3895136185212,4.0,Low,50+
213,Ukraine,0.0,1.0,1.0,0,Male,93.0,1427.3340994113507,2.0,High,50+
215,Italy,0.0,0.0,0.0,1,Female,69.0,1661.1596201234388,1.0,Very High,50+
216,Spain,1.0,1.0,1.0,0,Female,60.0,1395.989984695084,3.0,Medium,50+
217,United Kingdom,1.0,1.0,0.0,0,Female,67.0,1051.2942738801853,2.0,Low,50+
218,South Korea,1.0,0.0,1.0,1,Female,31.0,1223.915573632793,3.0,Medium,30-49
219,Mexico,1.0,0.0,1.0,1,Male,72.0,1295.3734633276622,3.0,Medium,50+
220,Mexico,0.0,1.0,0.0,1,Male,88.0,1402.2146625505789,2.0,High,50+
224,Turkey,0.0,1.0,1.0,0,Male,62.70242914979757,1644.001308087514,2.0,Very High,50+
225,Spain,0.0,1.0,0.0,1,Female,62.0,1056.8764813549187,2.0,Low,50+
226,Brazil,0.0,0.0,0.0,1,Male,50.0,1115.5279522336414,1.0,Low,50+
227,Unknown,1.0,0.0,0.0,0,Female,109.0,1280.3506856639792,1.0,Medium,50+
229,Unknown,0.0,1.0,0.0,1,Male,36.0,749.4928673150198,2.0,Low,30-49
230,Germany,0.0,0.0,0.0,0,Male,67.0,1351.7298367263968,0.0,Medium,50+
231,Costa Rica,0.0,0.0,1.0,0,Female,59.0,1086.4090570067128,1.0,Low,50+
232,South Africa,1.0,0.0,0.0,1,Male,13.0,1305.7273628673886,2.0,Medium,0-17
234,South Africa,1.0,1.0,0.0,1,Male,60.0,1292.976535644147,3.0,Medium,50+
235,Germany,1.0,0.0,0.0,0,Female,63.0,1690.7877061447944,1.0,Very High,50+
236,Unknown,0.0,0.0,0.0,1,Male,92.0,1882.4837385385847,1.0,Very High,50+
237,France,1.0,1.0,0.0,1,Male,53.0,1354.9281483477723,3.0,Medium,50+
238,Nigeria,0.0,0.0,0.0,0,Male,49.0,1220.8194491609531,0.0,Medium,30-49
239,Germany,0.0,0.0,1.0,0,Male,29.0,1253.1731862053828,1.0,Medium,18-29
240,Turkey,1.0,0.0,0.0,0,Female,37.0,1376.1522709677024,1.0,Medium,30-49
242,Australia,0.0,0.0,1.0,1,Male,99.0,1894.0142895269328,2.0,Very High,50+
243,Poland,1.0,1.0,1.0,1,Female,17.0,1612.7735599213202,4.0,Very High,0-17
244,South Africa,0.0,1.0,1.0,0,Female,90.0,1606.003746395978,2.0,Very High,50+
245,Netherlands,0.0,1.0,1.0,0,Male,62.70242914979757,1464.4040849256637,2.0,High,50+
246,Germany,0.0,1.0,0.0,1,Male,62.70242914979757,1414.1187169963011,2.0,High,50+
247,Belgium,0.0,0.0,1.0,0,Female,32.0,1299.7630644105027,1.0,Medium,30-49
248,Poland,1.0,0.0,0.0,1,Female,44.0,2005.692622225963,2.0,Very High,30-49
249,Netherlands,0.0,1.0,0.0,1,Male,84.0,1800.0908655821818,2.0,Very High,50+
250,Ireland,1.0,0.0,1.0,1,Female,26.0,1537.9215451024825,3.0,High,18-29
253,Austria,1.0,1.0,1.0,0,Female,112.0,1692.0463868777929,3.0,Very High,50+
254,France,1.0,1.0,0.0,0,Female,83.0,1395.989984695084,2.0,Medium,50+
255,France,0.0,1.0,0.0,0,Male,84.0,922.0694332429232,1.0,Low,50+
257,United Kingdom,0.0,0.0,0.0,1,Female,57.0,1528.804199204622,1.0,High,50+
258,Singapore,1.0,0.0,1.0,0,Female,100.0,1395.989984695084,2.0,Medium,50+
259,Chile,0.0,0.0,0.0,1,Female,41.0,1814.2187312954024,1.0,Very High,30-49
260,Turkey,0.0,1.0,0.0,0,Male,48.0,1039.6639533719635,1.0,Low,30-49
261,Russian Federation,1.0,1.0,1.0,0,Female,23.0,968.2187045303956,3.0,Low,18-29
263,Indonesia,1.0,0.0,0.0,0,Male,16.0,1029.991885599461,1.0,Low,0-17
264,Spain,0.0,0.0,0.0,1,Female,100.0,1804.1360937768536,1.0,Very High,50+
265,Chile,1.0,1.0,1.0,0,Female,50.0,692.0643406422056,3.0,Low,50+
266,Turkey,0.0,1.0,0.0,1,Female,98.0,1576.2621254472042,2.0,High,50+
267,Brazil,1.0,0.0,0.0,1,Female,21.0,1372.6292676259527,2.0,Medium,18-29
268,China,0.0,1.0,1.0,0,Male,111.0,1094.804401163019,2.0,Low,50+
270,Norway,1.0,0.0,1.0,0,Male,38.0,1104.182561528392,2.0,Low,30-49
271,Costa Rica,0.0,0.0,0.0,0,Female,54.0,1966.418530576211,0.0,Very High,50+
272,Poland,1.0,0.0,1.0,0,Female,77.0,850.576672392853,2.0,Low,50+
273,Italy,0.0,0.0,1.0,0,Male,14.0,1212.5862551940186,1.0,Medium,0-17
274,Unknown,0.0,1.0,0.0,1,Male,78.0,1419.2046877267592,2.0,High,50+
275,Russian Federation,0.0,0.0,1.0,1,Female,84.0,1037.1949957349684,2.0,Low,50+
276,Italy,0.0,0.0,1.0,0,Female,109.0,816.0073151753768,1.0,Low,50+
277,Pakistan,0.0,1.0,1.0,0,Female,68.0,1078.9354399179604,2.0,Low,50+
278,Russian Federation,1.0,1.0,0.0,1,Male,40.0,1421.045682406299,3.0,High,30-49
279,Belgium,1.0,0.0,0.0,1,Female,71.0,1039.576255417503,2.0,Low,50+
280,Poland,0.0,1.0,0.0,1,Female,77.0,714.8644706003624,2.0,Low,50+
281,Mexico,1.0,1.0,1.0,1,Female,30.0,1884.8419728025312,4.0,Very High,30-49
282,Singapore,0.0,0.0,1.0,1,Male,62.70242914979757,1379.048680620433,2.0,Medium,50+
283,Poland,0.0,0.0,1.0,0,Male,58.0,1705.8080984996825,1.0,Very High,50+
284,Austria,0.0,0.0,0.0,0,Female,103.0,843.29417570202,0.0,Low,50+
285,Russian Federation,1.0,0.0,1.0,0,Female,13.0,1664.7527839341096,2.0,Very High,0-17
286,Belgium,1.0,1.0,1.0,1,Female,88.0,1234.8389145959388,4.0,Medium,50+
288,France,1.0,0.0,0.0,0,Female,62.70242914979757,1083.0616339304026,1.0,Low,50+
290,Philippines,0.0,0.0,1.0,1,Female,19.0,1321.832226666572,2.0,Medium,18-29
291,United States,1.0,1.0,1.0,0,Female,98.0,1727.594151643391,3.0,Very High,50+
292,Russian Federation,0.0,0.0,0.0,1,Male,85.0,1373.523044313671,1.0,Medium,50+
293,India,1.0,0.0,1.0,1,Female,106.0,1309.082729545166,3.0,Medium,50+
295,India,0.0,1.0,1.0,0,Female,97.0,917.8247801488474,2.0,Low,50+
298,South Korea,0.0,1.0,1.0,1,Female,14.0,1569.4744353510043,3.0,High,0-17
300,Italy,1.0,0.0,1.0,0,Female,62.70242914979757,1568.6183203532787,2.0,High,50+
302,South Korea,1.0,0.0,0.0,1,Male,72.0,1395.989984695084,2.0,Medium,50+
303,Philippines,0.0,0.0,0.0,1,Male,25.0,1583.9051197266174,1.0,High,18-29
304,Indonesia,1.0,1.0,1.0,0,Female,24.0,1451.1749636888858,3.0,High,18-29
306,Indonesia,0.0,1.0,1.0,1,Male,81.0,1395.989984695084,3.0,Medium,50+
308,Colombia,1.0,1.0,0.0,0,Female,22.0,1375.1728843841056,2.0,Medium,18-29
309,France,1.0,1.0,0.0,1,Female,32.0,1395.989984695084,3.0,Medium,30-49
310,Indonesia,1.0,0.0,0.0,0,Female,45.0,1698.3202034935734,1.0,Very High,30-49
311,Ukraine,1.0,1.0,0.0,1,Male,35.0,1586.4247846144883,3.0,High,30-49
312,Ireland,1.0,0.0,1.0,1,Male,103.0,1129.7474549772562,3.0,Low,50+
313,Austria,1.0,1.0,1.0,1,Male,87.0,1803.5613496001656,4.0,Very High,50+
314,United Kingdom,0.0,1.0,0.0,1,Female,22.0,1395.989984695084,2.0,Medium,18-29
315,Unknown,1.0,1.0,0.0,1,Female,98.0,1188.1548682759783,3.0,Medium,50+
316,Philippines,1.0,1.0,0.0,1,Male,111.0,1590.6843738986936,3.0,High,50+
317,Mexico,1.0,1.0,1.0,0,Male,70.0,1823.443475816892,3.0,Very High,50+
318,Pakistan,1.0,1.0,0.0,0,Male,61.0,1728.843114739801,2.0,Very High,50+
319,Canada,0.0,1.0,0.0,1,Male,76.0,1395.989984695084,2.0,Medium,50+
320,Colombia,1.0,1.0,1.0,0,Female,24.0,1395.989984695084,3.0,Medium,18-29
321,Unknown,1.0,0.0,1.0,0,Unknown,62.70242914979757,713.4339565060768,2.0,Low,50+
324,South Korea,0.0,0.0,0.0,1,Male,53.0,1680.9022949613382,1.0,Very High,50+
325,Indonesia,0.0,0.0,1.0,0,Female,36.0,1170.8566536288008,1.0,Low,30-49
326,Canada,1.0,0.0,1.0,0,Female,85.0,1433.0200837811503,2.0,High,50+
328,Germany,1.0,0.0,1.0,0,Male,62.70242914979757,1068.6280437946036,2.0,Low,50+
330,New Zealand,1.0,0.0,0.0,1,Female,18.0,1477.5452002378763,2.0,High,18-29
331,Turkey,1.0,0.0,0.0,1,Male,74.0,1596.7713875645582,2.0,High,50+
332,Ukraine,0.0,1.0,1.0,0,Male,102.0,1574.6271071478927,2.0,High,50+
333,South Korea,0.0,0.0,1.0,1,Male,63.0,1210.612608661619,2.0,Medium,50+
334,Chile,0.0,1.0,0.0,0,Male,41.0,1715.7651859939187,1.0,Very High,30-49
336,Norway,0.0,0.0,0.0,1,Female,72.0,1206.3332738573026,1.0,Medium,50+
338,Nigeria,0.0,1.0,1.0,1,Female,78.0,1665.4648195822235,3.0,Very High,50+
339,Turkey,0.0,0.0,1.0,1,Female,62.70242914979757,1736.198472129512,2.0,Very High,50+
340,Ukraine,0.0,1.0,0.0,0,Female,111.0,1541.6185919867196,1.0,High,50+
342,Unknown,1.0,0.0,1.0,1,Female,12.0,1834.189172561516,3.0,Very High,0-17
344,South Africa,1.0,0.0,1.0,0,Female,39.0,1434.0216598916063,2.0,High,30-49
346,Singapore,1.0,1.0,0.0,0,Female,29.0,1401.129015822467,2.0,High,18-29
347,Peru,0.0,0.0,1.0,0,Female,13.0,1363.44937406142,1.0,Medium,0-17
348,New Zealand,0.0,1.0,1.0,1,Male,49.0,1749.8235226658903,3.0,Very High,30-49
349,South Africa,0.0,0.0,1.0,1,Male,15.0,845.6908193720357,2.0,Low,0-17
350,Singapore,0.0,0.0,0.0,0,Female,75.0,1468.8784819113444,0.0,High,50+
351,Russian Federation,1.0,1.0,1.0,0,Male,38.0,1395.989984695084,3.0,Medium,30-49
352,Sweden,1.0,0.0,1.0,1,Female,51.0,811.1597680948007,3.0,Low,50+
354,Colombia,1.0,1.0,0.0,1,Female,70.0,1377.4110326645628,3.0,Medium,50+
355,Costa Rica,0.0,1.0,1.0,0,Female,62.70242914979757,1407.136396486923,2.0,High,50+
357,Singapore,1.0,0.0,1.0,0,Male,84.0,1520.1214246230318,2.0,High,50+
358,China,1.0,1.0,1.0,1,Male,75.0,1982.3003399017364,3.0,Very High,50+
359,Nigeria,0.0,1.0,0.0,0,Female,69.0,1398.2513740583158,1.0,High,50+
361,Russian Federation,1.0,0.0,1.0,1,Female,105.0,1439.55229716489,3.0,High,50+
363,Brazil,1.0,1.0,0.0,1,Male,62.70242914979757,1714.8864330475485,3.0,Very High,50+
365,Australia,1.0,0.0,0.0,1,Male,14.0,1204.2850555737075,2.0,Medium,0-17
367,South Africa,1.0,0.0,0.0,1,Female,29.0,807.6014518317398,2.0,Low,18-29
368,Unknown,0.0,0.0,0.0,0,Male,47.0,1815.4058467701973,0.0,Very High,30-49
370,Pakistan,0.0,0.0,0.0,1,Female,111.0,1868.63750331426,1.0,Very High,50+
371,Russian Federation,0.0,1.0,1.0,0,Female,86.0,1741.209366717659,2.0,Very High,50+
372,Germany,1.0,1.0,1.0,0,Male,58.0,1686.2975762730905,3.0,Very High,50+
373,Ukraine,0.0,1.0,0.0,1,Female,42.0,1336.58887257492,2.0,Medium,30-49
375,South Korea,1.0,1.0,0.0,0,Male,64.0,1130.6636502837314,2.0,Low,50+
377,Australia,0.0,0.0,1.0,0,Male,79.0,1639.0802252710998,1.0,Very High,50+
379,China,1.0,1.0,1.0,0,Female,62.70242914979757,1248.1731484191173,3.0,Medium,50+
380,United Kingdom,1.0,1.0,0.0,0,Female,24.0,1745.6742653899946,2.0,Very High,18-29
381,Peru,0.0,1.0,0.0,1,Female,36.0,1329.9599785531711,2.0,Medium,30-49
382,Ireland,1.0,0.0,1.0,1,Male,35.0,1241.1512580107071,3.0,Medium,30-49
383,China,0.0,1.0,0.0,1,Female,26.0,1167.9356045643217,2.0,Low,18-29
384,Colombia,0.0,0.0,0.0,1,Female,59.0,1838.4876184373925,1.0,Very High,50+
385,Indonesia,1.0,0.0,1.0,0,Female,27.0,1374.0692268540276,2.0,Medium,18-29
386,New Zealand,1.0,1.0,0.0,0,Female,14.0,1508.8887400569347,2.0,High,0-17
389,Nigeria,1.0,1.0,1.0,1,Male,42.0,1208.7774277362062,4.0,Medium,30-49
390,Russian Federation,1.0,1.0,0.0,1,Female,62.70242914979757,1091.1487306155368,3.0,Low,50+
391,South Africa,1.0,0.0,0.0,0,Female,70.0,1395.989984695084,1.0,Medium,50+
392,China,0.0,1.0,0.0,1,Female,95.0,1284.2850218338274,2.0,Medium,50+
393,Poland,0.0,0.0,0.0,0,Male,91.0,1630.2797277658308,0.0,Very High,50+
396,Germany,1.0,0.0,1.0,0,Male,70.0,1850.650090750318,2.0,Very High,50+
397,Norway,0.0,0.0,0.0,0,Male,62.70242914979757,1198.51344836782,0.0,Medium,50+
398,Belgium,1.0,1.0,1.0,1,Female,90.0,1328.726469533898,4.0,Medium,50+
399,Germany,1.0,0.0,0.0,0,Female,22.0,1829.6703068175143,1.0,Very High,18-29
400,India,0.0,0.0,1.0,0,Female,61.0,1465.1218907296786,1.0,High,50+
401,Mexico,1.0,0.0,1.0,0,Male,97.0,1710.2842638910593,2.0,Very High,50+
402,Mexico,0.0,0.0,0.0,0,Female,28.0,1233.2639184173647,0.0,Medium,18-29
404,Brazil,0.0,0.0,0.0,0,Female,70.0,1521.5504205939997,0.0,High,50+
405,United States,1.0,1.0,1.0,0,Male,105.0,1127.9823260813268,3.0,Low,50+
407,Sweden,1.0,0.0,1.0,1,Female,43.0,1395.989984695084,3.0,Medium,30-49
408,Chile,0.0,0.0,0.0,1,Female,35.0,1263.6794686335663,1.0,Medium,30-49
409,Norway,1.0,0.0,1.0,0,Female,103.0,1047.1593883710584,2.0,Low,50+
410,Chile,0.0,1.0,1.0,1,Female,46.0,1410.6055997025794,3.0,High,30-49
411,Mexico,1.0,0.0,0.0,1,Female,69.0,1684.2031925517863,2.0,Very High,50+
412,Unknown,0.0,0.0,1.0,1,Female,62.70242914979757,879.5054707515253,2.0,Low,50+
413,Costa Rica,0.0,1.0,1.0,0,Female,34.0,1395.989984695084,2.0,Medium,30-49
414,Ireland,1.0,0.0,1.0,0,Male,109.0,1899.438823887895,2.0,Very High,50+
415,Poland,0.0,0.0,1.0,1,Female,78.0,1395.989984695084,2.0,Medium,50+
417,Costa Rica,0.0,0.0,0.0,1,Male,21.0,1483.354644989254,1.0,High,18-29
418,Belgium,0.0,0.0,1.0,0,Male,62.0,985.1921925814876,1.0,Low,50+
419,Canada,1.0,0.0,1.0,1,Female,28.0,1721.2501738900226,3.0,Very High,18-29
420,Belgium,1.0,0.0,1.0,0,Male,35.0,1077.7022769770044,2.0,Low,30-49
421,Germany,0.0,1.0,0.0,0,Female,35.0,1144.459885244937,1.0,Low,30-49
422,Spain,0.0,0.0,1.0,0,Female,103.0,1231.6160551376845,1.0,Medium,50+
423,Germany,1.0,0.0,1.0,1,Female,55.0,1170.8048578047158,3.0,Low,50+
424,Ireland,0.0,0.0,0.0,1,Male,46.0,1412.3728063825909,1.0,High,30-49
425,Australia,1.0,0.0,0.0,0,Male,33.0,1689.106303849976,1.0,Very High,30-49
426,Mexico,0.0,0.0,1.0,1,Female,23.0,1296.6479308617086,2.0,Medium,18-29
427,Ireland,0.0,1.0,1.0,1,Male,86.0,1160.9186575753124,3.0,Low,50+
428,Sweden,0.0,0.0,0.0,0,Female,85.0,1201.7769565351202,0.0,Medium,50+
429,Pakistan,0.0,0.0,1.0,0,Female,42.0,883.4441895601803,1.0,Low,30-49
430,Vietnam,0.0,1.0,1.0,0,Female,62.70242914979757,1760.5603530745373,2.0,Very High,50+
431,Germany,1.0,1.0,0.0,1,Male,73.0,1843.963468099863,3.0,Very High,50+
432,South Africa,0.0,1.0,0.0,0,Male,62.70242914979757,964.2827861870315,1.0,Low,50+
433,Brazil,0.0,0.0,1.0,0,Male,81.0,1762.8046302580378,0.0,Very High,50+
434,Germany,0.0,0.0,1.0,1,Male,46.0,1395.989984695084,2.0,Medium,30-49
435,Netherlands,0.0,0.0,0.0,0,Male,38.0,1624.6548271812007,0.0,Very High,30-49
436,Unknown,0.0,1.0,0.0,1,Female,55.0,1899.8507455579163,2.0,Very High,50+
438,Russian Federation,0.0,1.0,0.0,1,Female,74.0,1395.989984695084,2.0,Medium,50+
439,China,1.0,1.0,0.0,1,Female,67.0,1096.2229262667076,3.0,Low,50+
440,United States,0.0,1.0,0.0,0,Female,90.0,1395.989984695084,1.0,Medium,50+
441,United States,1.0,1.0,0.0,0,Male,109.0,927.1665401276802,2.0,Low,50+
442,New Zealand,0.0,0.0,1.0,1,Male,110.0,1395.989984695084,2.0,Medium,50+
443,Chile,1.0,1.0,1.0,1,Female,20.0,1028.146398073265,4.0,Low,18-29
444,Spain,1.0,1.0,1.0,1,Female,75.0,1529.45458704537,4.0,High,50+
445,Ireland,0.0,1.0,1.0,1,Male,14.0,1402.2056445000412,3.0,High,0-17
446,France,0.0,1.0,0.0,0,Male,23.0,1658.064982579351,1.0,Very High,18-29
447,China,0.0,0.0,0.0,0,Male,23.0,1224.0792613884169,0.0,Medium,18-29
448,Belgium,1.0,1.0,0.0,1,Female,91.0,1662.624083682249,3.0,Very High,50+
449,Unknown,0.0,0.0,1.0,0,Female,75.0,1255.864918680536,1.0,Medium,50+
451,Vietnam,1.0,1.0,0.0,1,Male,67.0,1366.1210013741309,3.0,Medium,50+
453,Unknown,0.0,0.0,0.0,1,Male,74.0,1281.163103346324,1.0,Medium,50+
454,Peru,0.0,1.0,1.0,0,Male,94.0,941.5589365752955,2.0,Low,50+
456,India,0.0,0.0,0.0,1,Female,38.0,1560.9821952327986,1.0,High,30-49
457,Italy,1.0,0.0,1.0,1,Male,14.0,1395.989984695084,3.0,Medium,0-17
458,Ireland,1.0,1.0,0.0,0,Male,105.0,1445.8628373224635,2.0,High,50+
459,Unknown,1.0,1.0,0.0,1,Male,105.0,1503.052279347335,3.0,High,50+
460,Australia,1.0,1.0,0.0,0,Female,89.0,998.0923896278282,2.0,Low,50+
461,New Zealand,1.0,0.0,1.0,1,Male,21.0,1395.989984695084,3.0,Medium,18-29
462,Germany,0.0,1.0,0.0,0,Male,44.0,1516.8977701602164,1.0,High,30-49
463,Philippines,1.0,0.0,1.0,1,Male,79.0,2223.301716433172,3.0,Very High,50+
464,South Africa,0.0,1.0,0.0,1,Female,92.0,2032.5799463787712,2.0,Very High,50+
465,Russian Federation,1.0,1.0,0.0,0,Female,87.0,906.1512232930888,2.0,Low,50+
468,Germany,1.0,0.0,1.0,1,Female,62.70242914979757,1555.796780108109,3.0,High,50+
469,Chile,0.0,0.0,0.0,1,Male,62.70242914979757,1690.4568843704908,1.0,Very High,50+
470,Sweden,1.0,1.0,1.0,1,Male,69.0,1395.989984695084,4.0,Medium,50+
471,Russian Federation,0.0,1.0,0.0,0,Male,108.0,962.1939298926036,1.0,Low,50+
472,Sweden,1.0,0.0,0.0,1,Male,94.0,1911.1413783308533,2.0,Very High,50+
473,Norway,1.0,1.0,0.0,0,Female,74.0,1257.0521231878222,2.0,Medium,50+
474,Nigeria,0.0,1.0,1.0,1,Male,41.0,1521.7625919801446,3.0,High,30-49
476,Norway,0.0,0.0,0.0,1,Male,48.0,1481.5546617629875,1.0,High,30-49
477,Belgium,1.0,1.0,1.0,1,Male,13.0,1396.3815099045544,4.0,High,0-17
478,Turkey,1.0,1.0,0.0,1,Female,70.0,1174.1926497512852,3.0,Low,50+
479,United States,0.0,0.0,1.0,0,Male,96.0,2006.045088265876,1.0,Very High,50+
480,Chile,0.0,1.0,1.0,0,Female,62.70242914979757,1197.043124860491,2.0,Medium,50+
481,United Kingdom,1.0,0.0,1.0,1,Male,17.0,2544.5124259580657,3.0,Very High,0-17
482,Australia,0.0,1.0,1.0,1,Female,84.0,1395.1348662499188,3.0,Medium,50+
483,Norway,1.0,0.0,1.0,0,Male,69.0,1341.193757819697,2.0,Medium,50+
484,Vietnam,0.0,1.0,0.0,1,Male,26.0,1625.3241332253633,2.0,Very High,18-29
485,Pakistan,0.0,0.0,1.0,1,Male,26.0,1504.56120812081,2.0,High,18-29
486,Poland,1.0,0.0,0.0,1,Male,83.0,1230.2588840207145,2.0,Medium,50+
487,Canada,1.0,0.0,0.0,0,Male,77.0,1550.3649088787115,1.0,High,50+
488,Canada,0.0,0.0,1.0,1,Female,68.0,1405.470842539238,2.0,High,50+
490,India,0.0,0.0,1.0,0,Female,29.0,1145.203789828549,1.0,Low,18-29
491,New Zealand,0.0,0.0,0.0,0,Female,55.0,1395.989984695084,0.0,Medium,50+
494,Ireland,1.0,1.0,0.0,0,Female,111.0,1244.0735619295072,2.0,Medium,50+
495,Norway,1.0,1.0,0.0,1,Male,44.0,1259.8274469755604,3.0,Medium,30-49
496,Brazil,0.0,1.0,0.0,1,Female,109.0,1370.6815848614078,2.0,Medium,50+
497,Brazil,0.0,0.0,0.0,0,Male,79.0,1595.1870837302718,0.0,High,50+
498,Australia,1.0,0.0,0.0,1,Male,65.0,903.6683968869052,2.0,Low,50+
499,India,0.0,0.0,1.0,1,Female,83.0,1039.478720320514,2.0,Low,50+
501,China,1.0,1.0,0.0,0,Male,13.0,1981.0810030597013,2.0,Very High,0-17
502,South Korea,1.0,0.0,0.0,0,Male,62.70242914979757,1084.0631522076242,1.0,Low,50+
503,Pakistan,0.0,0.0,1.0,0,Male,79.0,1252.7915894985397,1.0,Medium,50+
504,Indonesia,0.0,0.0,1.0,1,Male,76.0,1430.734815163073,2.0,High,50+
505,Singapore,1.0,1.0,1.0,1,Male,109.0,1156.887173738378,4.0,Low,50+
507,Indonesia,0.0,1.0,1.0,1,Female,68.0,1883.40906157092,3.0,Very High,50+
510,Ireland,1.0,0.0,0.0,0,Female,62.70242914979757,1795.3603951092675,1.0,Very High,50+
511,Australia,0.0,0.0,0.0,0,Female,67.0,1140.983565533216,0.0,Low,50+
512,Ireland,0.0,1.0,1.0,0,Female,52.0,1577.2805153610698,2.0,High,50+
514,Peru,0.0,1.0,0.0,0,Female,19.0,1361.52445770983,1.0,Medium,18-29
515,Ukraine,0.0,0.0,0.0,1,Male,40.0,1395.989984695084,1.0,Medium,30-49
516,Germany,0.0,0.0,1.0,1,Female,29.0,1788.3587356663777,2.0,Very High,18-29
517,Germany,0.0,1.0,1.0,1,Female,33.0,1395.989984695084,3.0,Medium,30-49
518,Austria,1.0,1.0,1.0,1,Female,103.0,1592.9991883516395,3.0,High,50+
520,Singapore,0.0,0.0,1.0,1,Male,100.0,1395.989984695084,2.0,Medium,50+
521,Philippines,0.0,1.0,0.0,1,Male,62.70242914979757,1291.6744470693127,2.0,Medium,50+
522,Colombia,0.0,0.0,0.0,0,Female,13.0,1410.6053764755973,0.0,High,0-17
524,Italy,1.0,0.0,1.0,0,Male,32.0,969.1621337596996,2.0,Low,30-49
525,Belgium,1.0,1.0,1.0,0,Male,112.0,1355.1457828487416,3.0,Medium,50+
526,Unknown,0.0,0.0,1.0,1,Male,44.0,1402.5560595056115,2.0,High,30-49
527,Pakistan,0.0,0.0,0.0,0,Male,24.0,2064.644173879467,0.0,Very High,18-29
528,Philippines,1.0,1.0,0.0,0,Female,79.0,1422.3256236680415,2.0,High,50+
529,Turkey,1.0,1.0,1.0,0,Female,29.0,1796.059710777938,3.0,Very High,18-29
532,Belgium,1.0,1.0,1.0,1,Female,61.0,934.1181672354152,4.0,Low,50+
535,Chile,0.0,0.0,0.0,1,Male,99.0,1781.5399121315986,1.0,Very High,50+
536,Unknown,1.0,0.0,1.0,0,Male,20.0,1372.2396049145436,2.0,Medium,18-29
538,France,1.0,0.0,0.0,0,Male,62.0,1315.8784533500866,1.0,Medium,50+
539,Sweden,0.0,1.0,0.0,0,Male,25.0,1731.18788383453,1.0,Very High,18-29
541,Ireland,0.0,1.0,1.0,0,Male,53.0,1625.4828488563232,2.0,Very High,50+
542,Unknown,0.0,0.0,0.0,0,Male,100.0,1188.8241347566602,0.0,Medium,50+
545,Australia,1.0,1.0,1.0,0,Male,95.0,1597.0188588954609,3.0,High,50+
546,Poland,0.0,1.0,0.0,0,Female,35.0,2022.9277753517072,1.0,Very High,30-49
547,Ireland,0.0,1.0,0.0,1,Male,50.0,1762.2217722636435,2.0,Very High,50+
548,Netherlands,1.0,0.0,0.0,1,Male,62.70242914979757,958.6847056934682,2.0,Low,50+
549,Colombia,1.0,0.0,0.0,1,Female,109.0,1495.8806260768897,2.0,High,50+
550,Netherlands,1.0,1.0,0.0,1,Male,112.0,1414.124564306,3.0,High,50+
552,United States,1.0,0.0,1.0,1,Male,64.0,991.4007221377803,3.0,Low,50+
553,France,1.0,0.0,1.0,0,Female,14.0,1425.364107973426,2.0,High,0-17
554,Netherlands,0.0,0.0,1.0,0,Female,60.0,851.062161848132,1.0,Low,50+
557,India,1.0,1.0,0.0,0,Female,32.0,1127.6719385265644,2.0,Low,30-49
558,Chile,1.0,0.0,1.0,0,Male,87.0,1474.861768401893,2.0,High,50+
559,South Africa,1.0,1.0,1.0,1,Male,49.0,1395.989984695084,4.0,Medium,30-49
560,South Africa,1.0,1.0,1.0,0,Male,37.0,1445.1467460487297,3.0,High,30-49
561,Spain,0.0,1.0,0.0,1,Female,62.70242914979757,615.7662300855837,2.0,Low,50+
562,Unknown,1.0,1.0,1.0,1,Female,18.0,1655.033760810647,4.0,Very High,18-29
563,Nigeria,0.0,1.0,1.0,0,Male,59.0,1322.3249149357653,2.0,Medium,50+
564,Vietnam,1.0,0.0,1.0,1,Male,40.0,1383.3176480621216,3.0,Medium,30-49
565,Peru,1.0,1.0,1.0,0,Male,43.0,1395.989984695084,3.0,Medium,30-49
569,Canada,1.0,1.0,0.0,1,Male,32.0,1395.989984695084,3.0,Medium,30-49
570,Nigeria,1.0,1.0,1.0,1,Female,67.0,2098.469292663821,4.0,Very High,50+
571,Turkey,0.0,0.0,1.0,1,Female,80.0,1435.729177345109,2.0,High,50+
572,Ireland,0.0,0.0,1.0,0,Male,96.0,1395.989984695084,1.0,Medium,50+
573,Colombia,1.0,1.0,1.0,0,Female,44.0,1395.989984695084,3.0,Medium,30-49
574,Chile,0.0,1.0,0.0,0,Female,58.0,1303.3645197267124,1.0,Medium,50+
575,Peru,0.0,0.0,1.0,1,Male,44.0,1387.7714880421738,2.0,Medium,30-49
578,Peru,0.0,0.0,0.0,1,Male,56.0,1541.5841584144785,1.0,High,50+
579,Ireland,0.0,1.0,0.0,1,Female,62.70242914979757,1132.8893222535182,2.0,Low,50+
580,Belgium,0.0,0.0,0.0,1,Male,64.0,904.7468167458592,1.0,Low,50+
581,Sweden,1.0,1.0,1.0,0,Male,74.0,1419.0736870212495,3.0,High,50+
582,Vietnam,1.0,0.0,1.0,0,Female,81.0,1818.36298181808,2.0,Very High,50+
583,Germany,1.0,0.0,0.0,1,Female,62.70242914979757,1653.8489309926383,2.0,Very High,50+
584,Turkey,0.0,1.0,1.0,1,Female,103.0,1354.794220196913,3.0,Medium,50+
585,Norway,0.0,0.0,1.0,1,Male,44.0,1395.989984695084,2.0,Medium,30-49
586,Norway,1.0,1.0,0.0,1,Female,89.0,1153.887050500645,3.0,Low,50+
587,Netherlands,1.0,0.0,0.0,0,Female,22.0,1259.6666968233867,1.0,Medium,18-29
588,France,0.0,1.0,0.0,1,Male,91.0,1024.0790607428469,2.0,Low,50+
589,Peru,0.0,0.0,1.0,0,Male,102.0,776.2116033001723,1.0,Low,50+
590,Chile,0.0,0.0,1.0,1,Male,62.70242914979757,1231.5389231979443,2.0,Medium,50+
591,New Zealand,0.0,0.0,1.0,1,Male,94.0,1179.8432768244377,2.0,Medium,50+
592,Philippines,1.0,0.0,1.0,1,Female,13.0,1035.9327307506137,3.0,Low,0-17
593,Nigeria,0.0,1.0,1.0,0,Male,28.0,1395.989984695084,2.0,Medium,18-29
594,India,0.0,0.0,0.0,0,Male,47.0,1602.7040981093169,0.0,Very High,30-49
596,China,0.0,1.0,0.0,0,Female,78.0,947.8959582124234,1.0,Low,50+
598,Italy,1.0,0.0,0.0,1,Female,13.0,1087.9851158139263,2.0,Low,0-17
600,South Korea,1.0,1.0,0.0,1,Female,62.70242914979757,1330.7094993116766,3.0,Medium,50+
601,India,0.0,1.0,0.0,0,Female,38.0,1227.541810602992,1.0,Medium,30-49
604,Chile,0.0,1.0,1.0,0,Female,69.0,1523.579866356039,2.0,High,50+
605,Poland,0.0,0.0,0.0,1,Male,27.0,1872.0552379336275,1.0,Very High,18-29
606,Ukraine,1.0,0.0,1.0,0,Female,108.0,1509.9387749365424,2.0,High,50+
607,South Africa,0.0,0.0,1.0,0,Male,62.70242914979757,1385.3860701702288,1.0,Medium,50+
608,Nigeria,1.0,1.0,0.0,1,Female,14.0,1653.1568787012602,3.0,Very High,0-17
609,France,0.0,1.0,0.0,1,Male,89.0,1371.5591821070168,2.0,Medium,50+
610,South Korea,1.0,0.0,1.0,1,Female,71.0,1954.1714369070016,3.0,Very High,50+
611,Costa Rica,1.0,0.0,0.0,0,Male,22.0,1179.3456096849286,1.0,Medium,18-29
612,Costa Rica,1.0,1.0,1.0,1,Male,62.70242914979757,1219.3223456935802,4.0,Medium,50+
614,Australia,1.0,1.0,1.0,0,Female,88.0,1038.4167438921122,3.0,Low,50+
615,Peru,0.0,1.0,1.0,0,Male,62.70242914979757,1066.8728609473742,2.0,Low,50+
616,Costa Rica,1.0,1.0,1.0,1,Female,62.70242914979757,756.1809652228975,4.0,Low,50+
617,Philippines,1.0,0.0,1.0,1,Male,42.0,1541.519176309162,3.0,High,30-49
618,Netherlands,1.0,0.0,0.0,0,Male,73.0,961.9211539884876,1.0,Low,50+
619,Germany,0.0,1.0,1.0,0,Female,96.0,1315.1422747022827,2.0,Medium,50+
621,Russian Federation,1.0,0.0,1.0,1,Male,75.0,1483.0470404685125,3.0,High,50+
622,United Kingdom,1.0,0.0,0.0,1,Female,22.0,1584.8495738460292,2.0,High,18-29
623,Colombia,0.0,1.0,0.0,1,Male,33.0,1487.8610834034685,2.0,High,30-49
624,Italy,0.0,0.0,1.0,0,Male,40.0,921.5480816272028,1.0,Low,30-49
626,Chile,1.0,0.0,0.0,1,Male,63.0,1758.2668155760098,2.0,Very High,50+
627,Italy,1.0,0.0,1.0,1,Male,15.0,2133.19230421308,3.0,Very High,0-17
629,Peru,1.0,1.0,1.0,1,Male,62.70242914979757,1660.200811667458,4.0,Very High,50+
630,United Kingdom,1.0,1.0,0.0,1,Female,70.0,1558.463962020869,3.0,High,50+
632,Mexico,0.0,0.0,0.0,1,Female,60.0,1059.0759013190425,1.0,Low,50+
633,Vietnam,0.0,0.0,0.0,1,Unknown,34.0,1374.3309181855727,1.0,Medium,30-49
635,Peru,0.0,0.0,1.0,1,Male,62.70242914979757,1531.1153755931052,1.0,High,50+
637,United States,0.0,0.0,0.0,1,Male,70.0,978.938827698088,1.0,Low,50+
638,Netherlands,1.0,1.0,1.0,0,Male,62.70242914979757,1908.2217247000017,3.0,Very High,50+
639,Chile,0.0,0.0,1.0,0,Female,101.0,1301.982268842352,1.0,Medium,50+
640,Poland,1.0,0.0,1.0,1,Female,87.0,1605.8287510688,3.0,Very High,50+
641,Italy,1.0,1.0,0.0,1,Female,90.0,2063.9024870514736,3.0,Very High,50+
644,India,0.0,0.0,1.0,0,Male,108.0,1395.989984695084,1.0,Medium,50+
645,New Zealand,0.0,0.0,0.0,1,Male,52.0,1770.8484848523867,1.0,Very High,50+
646,Ukraine,1.0,0.0,0.0,0,Female,104.0,1302.693076269619,1.0,Medium,50+
647,Sweden,0.0,1.0,0.0,1,Female,62.70242914979757,1170.734485175113,2.0,Low,50+
648,South Korea,0.0,1.0,1.0,0,Female,105.0,1377.3631798514984,2.0,Medium,50+
649,Canada,0.0,1.0,1.0,0,Female,25.0,1083.2583225296555,2.0,Low,18-29
650,Belgium,0.0,0.0,1.0,0,Female,50.0,1395.989984695084,1.0,Medium,50+
651,Peru,1.0,1.0,0.0,1,Female,80.0,1603.3548919049715,3.0,Very High,50+
652,New Zealand,0.0,1.0,0.0,0,Male,60.0,1599.0827500014384,1.0,Very High,50+
654,Sweden,1.0,0.0,0.0,0,Female,86.0,1311.377269466913,1.0,Medium,50+
657,Unknown,1.0,1.0,0.0,1,Female,17.0,1690.7739161451766,3.0,Very High,0-17
658,Poland,1.0,1.0,0.0,0,Female,52.0,1395.989984695084,2.0,Medium,50+
659,South Korea,1.0,1.0,1.0,0,Male,62.70242914979757,1623.5771949617956,3.0,Very High,50+
660,Ireland,1.0,0.0,1.0,1,Male,85.0,1659.2540658659263,3.0,Very High,50+
661,Canada,1.0,0.0,0.0,1,Female,62.70242914979757,1457.7138803258324,2.0,High,50+
662,Italy,1.0,0.0,0.0,1,Female,32.0,1013.9422576679572,2.0,Low,30-49
663,Australia,1.0,0.0,1.0,1,Male,105.0,1643.0885801220236,3.0,Very High,50+
664,Brazil,1.0,0.0,1.0,0,Male,18.0,1106.2443136666925,2.0,Low,18-29
665,France,0.0,0.0,0.0,0,Male,62.70242914979757,1334.5136634409205,0.0,Medium,50+
667,France,0.0,0.0,1.0,0,Male,25.0,1244.1338948837565,1.0,Medium,18-29
669,Turkey,1.0,1.0,1.0,1,Female,35.0,905.6522112489153,4.0,Low,30-49
670,Unknown,1.0,1.0,0.0,0,Female,61.0,616.4288171251807,2.0,Low,50+
672,Norway,1.0,0.0,1.0,1,Female,42.0,1455.7056573543646,3.0,High,30-49
673,Netherlands,0.0,1.0,0.0,0,Female,66.0,1109.2663159406384,1.0,Low,50+
674,Poland,1.0,0.0,0.0,1,Female,30.0,1395.989984695084,2.0,Medium,30-49
675,Canada,0.0,1.0,0.0,0,Female,62.70242914979757,1119.592584525471,1.0,Low,50+
676,Italy,0.0,1.0,1.0,0,Female,59.0,1395.989984695084,2.0,Medium,50+
678,China,1.0,0.0,0.0,1,Female,50.0,1395.989984695084,2.0,Medium,50+
679,Vietnam,1.0,1.0,0.0,1,Male,28.0,1038.4320388573635,3.0,Low,18-29
680,Nigeria,1.0,0.0,0.0,1,Female,101.0,1395.989984695084,2.0,Medium,50+
681,Norway,0.0,0.0,0.0,1,Male,75.0,1450.0257842796118,1.0,High,50+
682,Chile,0.0,0.0,0.0,1,Female,74.0,1395.989984695084,1.0,Medium,50+
683,Germany,1.0,1.0,0.0,0,Female,99.0,1463.247666755977,2.0,High,50+
684,Turkey,1.0,1.0,0.0,1,Male,68.0,1355.6709792501365,3.0,Medium,50+
687,Singapore,1.0,1.0,0.0,1,Male,27.0,1159.6366791659177,2.0,Low,18-29
688,Chile,1.0,1.0,0.0,0,Male,62.70242914979757,1512.1300061948334,2.0,High,50+
690,Peru,0.0,1.0,0.0,1,Female,24.0,1174.4873412167933,2.0,Low,18-29
691,Singapore,1.0,1.0,0.0,1,Female,58.0,1345.916438077457,3.0,Medium,50+
693,Brazil,1.0,1.0,1.0,0,Male,74.0,1733.0577162153395,3.0,Very High,50+
697,Peru,1.0,1.0,1.0,1,Male,19.0,1858.4854552550964,4.0,Very High,18-29
698,Turkey,0.0,1.0,1.0,0,Male,62.70242914979757,1296.126485188479,2.0,Medium,50+
699,Norway,0.0,1.0,1.0,1,Male,27.0,1371.7469767502307,3.0,Medium,18-29
700,Germany,1.0,0.0,0.0,0,Male,35.0,852.0693266740266,1.0,Low,30-49
701,France,0.0,0.0,0.0,0,Female,62.70242914979757,1350.1144645338316,0.0,Medium,50+
702,Ukraine,1.0,0.0,0.0,0,Female,104.0,1501.4973358452405,1.0,High,50+
704,Ireland,0.0,0.0,1.0,0,Male,27.0,1036.2965311850512,1.0,Low,18-29
706,Austria,1.0,0.0,1.0,1,Male,34.0,1395.989984695084,3.0,Medium,30-49
707,China,0.0,0.0,1.0,0,Male,71.0,685.9284452249369,1.0,Low,50+
708,Spain,1.0,0.0,0.0,1,Female,35.0,1765.13095065095,2.0,Very High,30-49
709,Mexico,0.0,1.0,1.0,0,Male,39.0,832.7622587878086,2.0,Low,30-49
710,Netherlands,1.0,1.0,1.0,0,Male,29.0,1099.1682066447474,3.0,Low,18-29
711,China,1.0,1.0,0.0,1,Female,15.0,1395.989984695084,3.0,Medium,0-17
712,China,0.0,0.0,0.0,0,Female,48.0,1608.9012732249623,0.0,Very High,30-49
713,Pakistan,0.0,0.0,0.0,1,Male,106.0,823.5630513878517,1.0,Low,50+
714,South Korea,1.0,1.0,0.0,0,Male,94.0,1395.989984695084,2.0,Medium,50+
715,Ukraine,0.0,0.0,1.0,1,Male,81.0,1582.809103915784,2.0,High,50+
716,Sweden,0.0,0.0,1.0,1,Male,44.0,1395.989984695084,2.0,Medium,30-49
718,Belgium,0.0,1.0,0.0,1,Male,72.0,1262.5276116469945,2.0,Medium,50+
719,Germany,1.0,1.0,1.0,1,Female,55.0,1635.7008895745887,4.0,Very High,50+
721,Peru,1.0,1.0,1.0,1,Female,93.0,1723.142993005476,4.0,Very High,50+
722,Australia,1.0,0.0,1.0,0,Male,58.0,1759.7929593386411,2.0,Very High,50+
723,Poland,1.0,1.0,1.0,1,Male,37.0,1082.974728097476,4.0,Low,30-49
724,India,0.0,0.0,1.0,1,Female,44.0,1171.033025047031,1.0,Low,30-49
725,United States,1.0,0.0,1.0,0,Male,62.70242914979757,1395.989984695084,2.0,Medium,50+
726,Unknown,1.0,1.0,0.0,1,Male,85.0,1519.5626445767236,3.0,High,50+
727,Austria,1.0,1.0,0.0,1,Male,74.0,1082.262906720483,3.0,Low,50+
728,Canada,1.0,1.0,0.0,0,Male,30.0,1105.5432278775577,2.0,Low,30-49
729,Peru,1.0,0.0,1.0,0,Male,57.0,1250.77875187739,2.0,Medium,50+
730,Brazil,1.0,0.0,0.0,0,Female,87.0,1478.7115404068886,1.0,High,50+
731,Costa Rica,1.0,1.0,1.0,0,Male,48.0,1874.0280451787305,3.0,Very High,30-49
734,Chile,0.0,0.0,1.0,0,Female,62.70242914979757,1387.533300944134,1.0,Medium,50+
735,Unknown,1.0,1.0,1.0,1,Male,46.0,1370.3333408779354,4.0,Medium,30-49
736,Singapore,1.0,0.0,1.0,1,Male,100.0,1042.8850397561446,3.0,Low,50+
737,Nigeria,1.0,0.0,1.0,1,Male,96.0,1599.7858287599445,3.0,Very High,50+
738,Indonesia,0.0,0.0,1.0,1,Female,62.70242914979757,1122.1370591024745,2.0,Low,50+
739,Peru,0.0,1.0,0.0,1,Male,78.0,1652.4514491557695,2.0,Very High,50+
740,Ireland,1.0,0.0,0.0,0,Male,31.0,1227.4502446291765,1.0,Medium,30-49
741,Brazil,0.0,1.0,0.0,1,Female,35.0,1395.989984695084,2.0,Medium,30-49
744,Vietnam,0.0,1.0,0.0,0,Female,54.0,1623.5939834331557,1.0,Very High,50+
745,Italy,0.0,0.0,0.0,1,Male,91.0,1395.989984695084,1.0,Medium,50+
746,China,1.0,1.0,1.0,1,Female,65.0,1830.7394498048293,4.0,Very High,50+
747,Colombia,0.0,0.0,0.0,1,Female,65.0,1357.9730132133557,1.0,Medium,50+
748,China,0.0,1.0,0.0,1,Male,30.0,798.481478174534,2.0,Low,30-49
749,Italy,0.0,1.0,1.0,0,Male,49.0,1525.519532491644,2.0,High,30-49
750,Vietnam,1.0,1.0,1.0,0,Female,29.0,1250.7606770440304,3.0,Medium,18-29
754,Germany,0.0,0.0,0.0,1,Male,112.0,1119.60851321123,1.0,Low,50+
756,Vietnam,0.0,0.0,1.0,0,Male,81.0,1427.457294930642,1.0,High,50+
757,United States,0.0,0.0,1.0,1,Female,88.0,1510.5610358284944,2.0,High,50+
760,South Africa,1.0,0.0,1.0,0,Male,41.0,1324.6000699702347,2.0,Medium,30-49
761,Canada,1.0,0.0,1.0,0,Male,94.0,1178.6526039350333,2.0,Medium,50+
763,Pakistan,0.0,0.0,0.0,1,Female,107.0,1395.989984695084,1.0,Medium,50+
766,United Kingdom,0.0,0.0,0.0,1,Male,62.0,1777.1197696918628,1.0,Very High,50+
768,Ukraine,1.0,1.0,0.0,0,Male,62.70242914979757,979.9741303213676,2.0,Low,50+
769,Costa Rica,1.0,0.0,0.0,0,Male,51.0,1237.1560011762303,1.0,Medium,50+
770,Australia,0.0,1.0,1.0,0,Female,105.0,2029.429344415562,2.0,Very High,50+
771,Netherlands,0.0,1.0,0.0,0,Male,15.0,1278.0069587393978,1.0,Medium,0-17
772,Poland,0.0,1.0,0.0,1,Male,58.0,1534.5480817820155,2.0,High,50+
774,Ireland,1.0,0.0,1.0,1,Female,17.0,1162.9580593165604,3.0,Low,0-17
775,France,1.0,0.0,0.0,0,Female,20.0,1272.2177081867956,1.0,Medium,18-29
776,Spain,1.0,0.0,1.0,0,Female,25.0,1209.5538709531236,2.0,Medium,18-29
777,Vietnam,0.0,1.0,0.0,1,Female,24.0,1542.944554687699,2.0,High,18-29
778,Ireland,1.0,1.0,1.0,1,Female,37.0,2028.0195407619133,4.0,Very High,30-49
779,Sweden,1.0,1.0,0.0,0,Female,69.0,1218.7318209866662,2.0,Medium,50+
781,Philippines,0.0,1.0,0.0,0,Male,80.0,1574.892732077737,1.0,High,50+
783,Unknown,0.0,1.0,1.0,0,Female,38.0,1833.545917931102,2.0,Very High,30-49
784,Spain,1.0,1.0,0.0,1,Male,67.0,1325.8799510038946,3.0,Medium,50+
785,Russian Federation,1.0,0.0,0.0,0,Male,62.70242914979757,1567.6846569123834,1.0,High,50+
786,Austria,0.0,1.0,1.0,1,Female,13.0,1371.254554582104,3.0,Medium,0-17
787,Ireland,0.0,1.0,0.0,0,Male,85.0,1266.4772101550257,1.0,Medium,50+
788,Brazil,1.0,1.0,1.0,1,Male,48.0,1506.2371095212434,4.0,High,30-49
789,Turkey,0.0,0.0,0.0,1,Female,64.0,1355.7921287502834,1.0,Medium,50+
791,Poland,1.0,1.0,1.0,0,Male,46.0,1482.9100844877055,3.0,High,30-49
792,France,0.0,0.0,0.0,0,Male,94.0,1478.5170577389729,0.0,High,50+
793,Turkey,0.0,0.0,1.0,0,Female,57.0,1777.3368152951164,1.0,Very High,50+
794,Belgium,0.0,1.0,0.0,1,Male,98.0,1880.747371995997,2.0,Very High,50+
795,China,0.0,0.0,1.0,0,Female,64.0,1599.004699069411,1.0,High,50+
796,Canada,0.0,1.0,1.0,1,Male,22.0,1008.5520659984415,3.0,Low,18-29
798,South Africa,0.0,1.0,1.0,0,Male,111.0,1527.387116449065,2.0,High,50+
799,Spain,0.0,1.0,0.0,1,Male,103.0,1889.448476278421,2.0,Very High,50+
800,Canada,1.0,0.0,1.0,1,Male,44.0,774.1082179550662,3.0,Low,30-49
801,Costa Rica,1.0,0.0,1.0,0,Male,26.0,1545.3753903201944,2.0,High,18-29
802,Pakistan,1.0,1.0,1.0,1,Male,62.70242914979757,1532.8750903827672,4.0,High,50+
804,Italy,0.0,1.0,1.0,1,Male,24.0,1228.855730076124,3.0,Medium,18-29
805,Norway,1.0,0.0,0.0,1,Female,62.70242914979757,1271.3439410084293,2.0,Medium,50+
806,Pakistan,0.0,1.0,1.0,0,Male,20.0,1733.6677158751193,2.0,Very High,18-29
808,Costa Rica,1.0,1.0,1.0,0,Female,94.0,1453.0509089696811,3.0,High,50+
809,New Zealand,1.0,0.0,0.0,1,Male,42.0,1395.989984695084,2.0,Medium,30-49
810,Australia,0.0,0.0,1.0,0,Female,100.0,652.7080800918196,1.0,Low,50+
812,Indonesia,1.0,0.0,1.0,1,Female,93.0,2433.250332274933,3.0,Very High,50+
814,Pakistan,0.0,0.0,0.0,1,Female,38.0,839.3963193421332,1.0,Low,30-49
815,Poland,0.0,1.0,1.0,1,Male,60.0,983.3214601533134,3.0,Low,50+
816,Costa Rica,1.0,1.0,1.0,0,Male,27.0,1613.3889660876157,3.0,Very High,18-29
817,Mexico,1.0,1.0,1.0,0,Female,105.0,1304.4301447499006,3.0,Medium,50+
818,Spain,1.0,1.0,0.0,1,Female,41.0,1874.3099666409155,3.0,Very High,30-49
819,Canada,1.0,1.0,1.0,1,Female,52.0,2147.2770361879066,4.0,Very High,50+
820,Ireland,0.0,0.0,0.0,1,Female,20.0,843.8875046809654,1.0,Low,18-29
821,South Korea,1.0,0.0,0.0,0,Male,18.0,1258.3737481934952,1.0,Medium,18-29
822,Belgium,0.0,0.0,1.0,0,Male,106.0,1799.9216171819012,1.0,Very High,50+
823,India,0.0,0.0,0.0,1,Male,22.0,1395.989984695084,1.0,Medium,18-29
824,Austria,0.0,1.0,1.0,1,Male,39.0,1732.44092861466,3.0,Very High,30-49
825,South Africa,0.0,0.0,1.0,0,Female,86.0,1422.2906024148504,1.0,High,50+
826,Peru,1.0,0.0,0.0,1,Male,62.70242914979757,2030.565245057992,2.0,Very High,50+
827,Peru,1.0,1.0,1.0,0,Male,97.0,1512.990137639446,3.0,High,50+
828,Turkey,0.0,0.0,1.0,0,Male,23.0,1507.0519884124244,1.0,High,18-29
829,New Zealand,1.0,0.0,1.0,1,Female,45.0,1359.9683112873,3.0,Medium,30-49
832,Sweden,0.0,0.0,0.0,1,Male,62.70242914979757,1395.989984695084,1.0,Medium,50+
833,India,0.0,0.0,0.0,1,Male,23.0,1626.380251517946,1.0,Very High,18-29
834,Nigeria,0.0,1.0,1.0,1,Female,75.0,1504.9730165421192,3.0,High,50+
835,Peru,0.0,1.0,0.0,1,Female,71.0,1846.6495892862376,2.0,Very High,50+
837,Unknown,0.0,1.0,0.0,1,Male,93.0,1122.9315902479889,1.0,Low,50+
838,Costa Rica,0.0,1.0,1.0,1,Female,34.0,2107.32707815748,3.0,Very High,30-49
839,South Korea,0.0,0.0,0.0,0,Male,87.0,1481.913401046363,0.0,High,50+
840,Canada,0.0,0.0,1.0,1,Male,79.0,1395.989984695084,2.0,Medium,50+
841,France,1.0,0.0,0.0,0,Male,62.70242914979757,1585.7861672878664,1.0,High,50+
843,Unknown,0.0,1.0,0.0,1,Male,21.0,1395.989984695084,2.0,Medium,18-29
844,China,0.0,0.0,0.0,0,Female,78.0,1660.8509753053113,0.0,Very High,50+
845,Poland,0.0,0.0,0.0,0,Male,30.0,2120.605896359369,0.0,Very High,30-49
848,Indonesia,1.0,1.0,0.0,1,Female,57.0,1202.2591520423016,3.0,Medium,50+
849,Spain,0.0,0.0,0.0,0,Female,49.0,1765.420876391843,0.0,Very High,30-49
850,South Africa,1.0,1.0,0.0,0,Male,82.0,753.6101129456564,2.0,Low,50+
852,Pakistan,0.0,1.0,0.0,0,Female,87.0,1768.761624358163,1.0,Very High,50+
853,France,0.0,1.0,1.0,1,Female,28.0,1794.6420473882447,3.0,Very High,18-29
854,Austria,1.0,1.0,0.0,1,Male,90.0,1435.8963453360873,3.0,High,50+
856,Spain,0.0,1.0,0.0,0,Female,45.0,1593.497176696406,1.0,High,30-49
857,Canada,1.0,0.0,0.0,1,Female,62.70242914979757,1647.9751210818913,2.0,Very High,50+
858,South Korea,0.0,1.0,1.0,0,Male,82.0,1578.2697070452823,2.0,High,50+
859,South Africa,1.0,0.0,1.0,0,Male,94.0,1657.926104515527,2.0,Very High,50+
860,Belgium,1.0,1.0,1.0,0,Male,42.0,1077.648380271875,3.0,Low,30-49
861,Mexico,0.0,1.0,0.0,1,Female,57.0,1395.989984695084,2.0,Medium,50+
862,Austria,1.0,1.0,0.0,0,Male,89.0,1790.5142515599275,2.0,Very High,50+
863,United States,1.0,1.0,0.0,1,Male,46.0,1174.8591157030878,3.0,Medium,30-49
864,Costa Rica,0.0,0.0,0.0,1,Female,14.0,1674.3057556096942,1.0,Very High,0-17
865,Costa Rica,0.0,1.0,0.0,1,Female,31.0,1002.1410163830552,2.0,Low,30-49
866,Canada,0.0,1.0,1.0,1,Male,62.0,1671.8646135500296,3.0,Very High,50+
867,Costa Rica,0.0,0.0,0.0,1,Female,31.0,956.6332374813372,1.0,Low,30-49
868,Unknown,0.0,1.0,1.0,1,Female,106.0,1991.330820837136,3.0,Very High,50+
869,Mexico,0.0,1.0,0.0,0,Female,107.0,1407.1317688232805,0.0,High,50+
870,Costa Rica,0.0,0.0,1.0,1,Male,80.0,1254.214806432199,2.0,Medium,50+
871,Sweden,1.0,0.0,1.0,1,Male,18.0,1564.826479633346,3.0,High,18-29
872,Brazil,1.0,1.0,0.0,1,Male,28.0,836.7308690920216,3.0,Low,18-29
873,Vietnam,0.0,0.0,1.0,0,Female,41.0,1486.4103696232896,1.0,High,30-49
874,Canada,0.0,0.0,0.0,0,Male,62.70242914979757,1399.100364398926,0.0,High,50+
875,Turkey,1.0,1.0,0.0,1,Female,18.0,1824.0869174010625,3.0,Very High,18-29
876,Indonesia,0.0,0.0,1.0,0,Female,45.0,1792.4773601182646,1.0,Very High,30-49
877,Pakistan,0.0,1.0,0.0,0,Male,33.0,910.7308261417796,1.0,Low,30-49
878,United States,0.0,1.0,1.0,1,Male,77.0,1429.935225850661,3.0,High,50+
880,New Zealand,1.0,1.0,1.0,1,Male,55.0,766.6259800933632,4.0,Low,50+
881,Colombia,1.0,1.0,0.0,0,Male,59.0,1618.3098203938814,2.0,Very High,50+
882,Chile,0.0,0.0,0.0,1,Female,63.0,1490.0710592196103,1.0,High,50+
883,Ireland,1.0,0.0,1.0,0,Male,62.70242914979757,1447.813207627031,2.0,High,50+
884,France,1.0,1.0,1.0,0,Male,99.0,1010.1229164851294,3.0,Low,50+
885,United States,1.0,1.0,1.0,1,Female,100.0,1330.4514924846317,4.0,Medium,50+
886,Russian Federation,0.0,1.0,1.0,0,Female,58.0,1337.8745360320866,2.0,Medium,50+
887,Costa Rica,1.0,1.0,1.0,1,Female,37.0,753.5067702251122,4.0,Low,30-49
889,Singapore,0.0,1.0,1.0,0,Female,85.0,2124.1610770896737,2.0,Very High,50+
890,South Africa,0.0,1.0,0.0,0,Male,30.0,1186.5587258334558,1.0,Medium,30-49
891,Ukraine,1.0,1.0,1.0,0,Female,22.0,1174.6268846194496,3.0,Medium,18-29
892,Unknown,1.0,1.0,0.0,1,Female,91.0,1395.989984695084,3.0,Medium,50+
893,Costa Rica,1.0,1.0,1.0,0,Male,84.0,1701.509934609118,3.0,Very High,50+
894,Netherlands,0.0,1.0,1.0,0,Female,62.70242914979757,948.1402719162096,2.0,Low,50+
895,Philippines,0.0,0.0,1.0,1,Female,14.0,1605.7428135056314,2.0,Very High,0-17
896,China,1.0,0.0,0.0,1,Male,36.0,1251.0597801506865,2.0,Medium,30-49
898,Chile,0.0,0.0,1.0,0,Male,62.70242914979757,1512.6830440507213,1.0,High,50+
899,Canada,0.0,0.0,0.0,1,Male,38.0,1127.9864681232557,1.0,Low,30-49
903,Netherlands,0.0,1.0,0.0,0,Male,77.0,1379.915238039467,1.0,Medium,50+
904,Singapore,1.0,0.0,0.0,0,Female,78.0,1182.3187483373438,1.0,Medium,50+
906,India,1.0,0.0,0.0,1,Female,46.0,1540.757539939091,2.0,High,30-49
909,Unknown,0.0,1.0,1.0,0,Male,67.0,1812.6796108922367,2.0,Very High,50+
912,Turkey,1.0,1.0,0.0,1,Male,91.0,715.3835546912254,3.0,Low,50+
914,Italy,1.0,0.0,0.0,0,Female,101.0,1257.7340196612513,1.0,Medium,50+
916,South Africa,1.0,1.0,1.0,0,Male,37.0,1223.210353517789,3.0,Medium,30-49
917,New Zealand,1.0,1.0,1.0,1,Female,27.0,1395.989984695084,4.0,Medium,18-29
918,Austria,1.0,1.0,1.0,0,Female,108.0,1342.683847589676,3.0,Medium,50+
920,South Korea,1.0,0.0,1.0,0,Female,62.70242914979757,2088.768272493873,2.0,Very High,50+
921,Poland,0.0,1.0,0.0,1,Female,100.0,1906.814101517758,2.0,Very High,50+
922,Spain,0.0,1.0,1.0,1,Female,25.0,1102.974501472846,3.0,Low,18-29
923,Netherlands,1.0,0.0,1.0,0,Male,33.0,1975.16247463542,2.0,Very High,30-49
924,Ireland,1.0,0.0,1.0,0,Female,22.0,1015.3031718301312,2.0,Low,18-29
925,South Korea,0.0,0.0,1.0,0,Female,72.0,1360.8116085809706,1.0,Medium,50+
926,Chile,1.0,1.0,0.0,1,Female,20.0,1146.4019775188008,3.0,Low,18-29
927,Sweden,0.0,0.0,1.0,1,Male,88.0,929.509414762413,2.0,Low,50+
928,Russian Federation,1.0,0.0,1.0,1,Male,105.0,1807.0590186139184,3.0,Very High,50+
929,Pakistan,0.0,1.0,1.0,1,Male,99.0,1530.4804127097625,3.0,High,50+
931,Singapore,1.0,0.0,0.0,0,Female,76.0,1149.0778601735365,1.0,Low,50+
932,South Africa,1.0,1.0,0.0,1,Female,56.0,1235.134347004663,3.0,Medium,50+
934,Germany,1.0,0.0,1.0,0,Female,22.0,1050.3333716717434,2.0,Low,18-29
935,New Zealand,0.0,1.0,0.0,1,Female,74.0,1043.0393375467818,2.0,Low,50+
936,Turkey,0.0,1.0,0.0,0,Female,17.0,1207.357758204187,1.0,Medium,0-17
939,Ukraine,0.0,0.0,1.0,1,Female,103.0,1426.4629683451149,2.0,High,50+
941,Netherlands,1.0,0.0,0.0,1,Male,27.0,1595.892890889946,2.0,High,18-29
942,Unknown,1.0,0.0,1.0,1,Female,97.0,1395.989984695084,3.0,Medium,50+
943,Nigeria,1.0,0.0,1.0,1,Female,74.0,1082.2979919677343,3.0,Low,50+
944,Unknown,0.0,1.0,0.0,1,Female,63.0,1226.835013219887,2.0,Medium,50+
945,Canada,0.0,1.0,1.0,1,Male,59.0,898.6035536435054,3.0,Low,50+
946,Singapore,0.0,1.0,1.0,1,Female,63.0,1395.989984695084,3.0,Medium,50+
947,Ireland,0.0,1.0,0.0,1,Male,81.0,1043.2283497039484,2.0,Low,50+
948,Norway,1.0,1.0,0.0,1,Male,49.0,856.8788208214654,3.0,Low,30-49
949,South Africa,1.0,1.0,1.0,1,Female,25.0,865.8678699186871,4.0,Low,18-29
950,India,1.0,0.0,1.0,1,Female,100.0,1371.197039322035,3.0,Medium,50+
951,Brazil,0.0,0.0,0.0,1,Male,26.0,1483.4346749729357,1.0,High,18-29
952,Chile,1.0,1.0,0.0,0,Male,66.0,1792.985201480234,2.0,Very High,50+
953,Singapore,0.0,0.0,1.0,1,Male,44.0,1142.6761676364154,2.0,Low,30-49
954,Ukraine,0.0,1.0,1.0,0,Female,102.0,1285.6218721666949,2.0,Medium,50+
955,United Kingdom,0.0,1.0,1.0,1,Male,34.0,1700.873738779963,3.0,Very High,30-49
957,Chile,1.0,0.0,0.0,1,Female,106.0,971.0453022547553,2.0,Low,50+
958,New Zealand,0.0,1.0,0.0,0,Male,46.0,958.191633771627,1.0,Low,30-49
960,Austria,0.0,1.0,1.0,0,Male,51.0,1395.989984695084,2.0,Medium,50+
963,Chile,1.0,1.0,1.0,1,Female,99.0,2042.166618652505,4.0,Very High,50+
964,Australia,0.0,0.0,0.0,0,Male,26.0,1268.1590599244018,0.0,Medium,18-29
965,South Africa,0.0,1.0,0.0,0,Female,31.0,1128.2640763328363,1.0,Low,30-49
967,Singapore,1.0,0.0,0.0,0,Female,110.0,1207.9379328019122,1.0,Medium,50+
968,Brazil,1.0,0.0,1.0,0,Female,62.70242914979757,1199.8439211203113,2.0,Medium,50+
969,Spain,0.0,0.0,0.0,0,Male,49.0,1922.923606499313,0.0,Very High,30-49
970,South Korea,0.0,1.0,0.0,1,Female,37.0,1735.6330937414932,2.0,Very High,30-49
971,Poland,0.0,1.0,1.0,1,Female,62.70242914979757,1643.7730910088037,3.0,Very High,50+
973,Chile,0.0,0.0,0.0,1,Female,35.0,1500.1729600547933,1.0,High,30-49
974,Sweden,0.0,0.0,1.0,1,Female,106.0,1233.0872898478112,2.0,Medium,50+
975,Brazil,1.0,1.0,0.0,0,Male,35.0,884.7099124386921,2.0,Low,30-49
976,New Zealand,0.0,1.0,0.0,1,Female,18.0,877.9442121477828,2.0,Low,18-29
977,Italy,0.0,0.0,0.0,1,Female,78.0,1602.0113288358136,1.0,Very High,50+
978,United Kingdom,0.0,0.0,1.0,1,Male,31.0,1533.630387291959,2.0,High,30-49
979,Vietnam,0.0,0.0,0.0,1,Female,61.0,779.92964745689,1.0,Low,50+
980,Netherlands,1.0,0.0,0.0,0,Female,102.0,1404.869293721727,1.0,High,50+
981,Unknown,0.0,1.0,1.0,1,Male,70.0,1455.5537505630552,3.0,High,50+
982,France,1.0,1.0,1.0,0,Male,89.0,1868.6294467655173,3.0,Very High,50+
983,Turkey,0.0,0.0,0.0,0,Male,80.0,1293.1210320831055,0.0,Medium,50+
984,Ireland,1.0,1.0,1.0,0,Male,99.0,1109.8413043945257,3.0,Low,50+
985,Vietnam,1.0,0.0,0.0,0,Female,110.0,2103.559708775635,1.0,Very High,50+
986,Spain,1.0,0.0,0.0,0,Male,110.0,1033.043653608298,1.0,Low,50+
987,Chile,0.0,0.0,0.0,1,Male,52.0,1053.244952819026,1.0,Low,50+
988,South Korea,1.0,0.0,1.0,0,Female,88.0,1455.2186872137108,2.0,High,50+
989,Australia,1.0,0.0,0.0,0,Male,62.70242914979757,1476.7950272429978,1.0,High,50+
990,Ukraine,1.0,1.0,0.0,1,Female,18.0,1951.3156202750604,3.0,Very High,18-29
992,South Africa,1.0,1.0,1.0,1,Male,55.0,1467.4113783567996,4.0,High,50+
993,France,0.0,0.0,1.0,0,Male,20.0,1932.412383590184,1.0,Very High,18-29
994,Ukraine,1.0,1.0,0.0,1,Male,97.0,1254.8854932912986,3.0,Medium,50+
995,Ireland,0.0,0.0,0.0,0,Male,62.70242914979757,1457.1643210691293,0.0,High,50+
996,Belgium,1.0,0.0,0.0,0,Female,29.0,1218.6126566420128,1.0,Medium,18-29
997,France,1.0,0.0,1.0,0,Male,81.0,1185.7160320514186,2.0,Medium,50+
998,Costa Rica,1.0,1.0,1.0,0,Male,46.0,1182.3844788608633,3.0,Medium,30-49
999,Turkey,0.0,1.0,1.0,1,Female,42.0,1600.2700565657433,3.0,Very High,30-49
1001,Peru,1.0,1.0,1.0,1,Male,78.0,1251.4279917961028,4.0,Medium,50+
1002,Mexico,1.0,1.0,1.0,0,Female,33.0,2083.4113872192856,3.0,Very High,30-49
1003,France,1.0,0.0,1.0,0,Male,56.0,1395.989984695084,2.0,Medium,50+
1004,Netherlands,1.0,0.0,1.0,0,Male,23.0,1283.7264281359655,2.0,Medium,18-29
1005,Germany,0.0,1.0,1.0,0,Male,101.0,1362.3030384652093,2.0,Medium,50+
1006,Australia,1.0,1.0,1.0,0,Female,54.0,708.2401915764441,3.0,Low,50+
1007,New Zealand,0.0,1.0,1.0,0,Male,30.0,1309.187110270179,2.0,Medium,30-49
1008,Turkey,1.0,0.0,0.0,0,Male,75.0,1627.051004252215,1.0,Very High,50+
1009,Germany,1.0,1.0,1.0,0,Female,48.0,813.7939435946631,3.0,Low,30-49
1010,United Kingdom,1.0,1.0,0.0,1,Male,40.0,1277.8744152937218,3.0,Medium,30-49
1011,Germany,0.0,0.0,1.0,0,Male,88.0,1045.746265520709,1.0,Low,50+
1012,Canada,0.0,0.0,0.0,0,Female,62.70242914979757,1520.3590106356237,0.0,High,50+
1013,Spain,0.0,1.0,0.0,0,Female,14.0,1901.620041155388,1.0,Very High,0-17
1014,Russian Federation,0.0,1.0,1.0,1,Male,44.0,1224.1502720598828,3.0,Medium,30-49
1016,Belgium,0.0,0.0,1.0,0,Male,60.0,1345.115456866163,1.0,Medium,50+
1017,Turkey,1.0,1.0,1.0,0,Female,65.0,1590.0870359357657,3.0,High,50+
1018,Sweden,1.0,0.0,1.0,0,Female,106.0,1446.2753369115298,1.0,High,50+
1020,Indonesia,0.0,0.0,0.0,0,Female,28.0,1028.9555028447753,0.0,Low,18-29
1022,South Korea,0.0,1.0,0.0,0,Male,62.70242914979757,1582.8952298352865,1.0,High,50+
1023,Poland,0.0,1.0,1.0,0,Male,86.0,1521.4384729597678,2.0,High,50+
1024,Pakistan,0.0,1.0,0.0,1,Male,15.0,1694.624534435341,2.0,Very High,0-17
1025,Russian Federation,0.0,1.0,1.0,0,Female,42.0,1001.71669224911,2.0,Low,30-49
1027,India,1.0,0.0,0.0,1,Female,112.0,1763.6905546037333,2.0,Very High,50+
1028,Philippines,0.0,1.0,1.0,1,Female,51.0,1167.406236698456,3.0,Low,50+
1029,Pakistan,1.0,1.0,0.0,0,Male,14.0,1527.2390221406465,2.0,High,0-17
1030,United States,0.0,1.0,0.0,1,Male,24.0,1422.1629421361272,2.0,High,18-29
1031,Colombia,1.0,0.0,1.0,0,Female,88.0,1299.4590402881413,1.0,Medium,50+
1032,Sweden,1.0,0.0,0.0,1,Female,86.0,1390.5578438923944,2.0,Medium,50+
1033,India,0.0,0.0,0.0,0,Male,105.0,1215.2860314528998,0.0,Medium,50+
1034,Poland,1.0,0.0,0.0,1,Female,39.0,1645.6704270246896,2.0,Very High,30-49
1036,Germany,0.0,1.0,0.0,0,Female,100.0,1135.1640593895484,1.0,Low,50+
1037,Vietnam,0.0,1.0,1.0,1,Male,33.0,1290.0383235613335,3.0,Medium,30-49
1038,Unknown,1.0,1.0,0.0,0,Female,68.0,1569.723001377632,2.0,High,50+
1040,New Zealand,0.0,1.0,1.0,1,Male,52.0,1704.277635662958,3.0,Very High,50+
1041,Poland,0.0,1.0,1.0,1,Male,60.0,1601.1776619974607,3.0,Very High,50+
1042,Nigeria,1.0,1.0,0.0,0,Female,48.0,665.3930717283758,2.0,Low,30-49
1045,United States,1.0,0.0,1.0,1,Male,18.0,845.0154523305312,3.0,Low,18-29
1046,United Kingdom,1.0,0.0,0.0,0,Male,68.0,1794.0808787360377,1.0,Very High,50+
1047,Pakistan,0.0,0.0,0.0,0,Male,74.0,1395.989984695084,0.0,Medium,50+
1048,Vietnam,1.0,1.0,0.0,0,Male,29.0,1315.7497452824132,2.0,Medium,18-29
1050,Norway,1.0,1.0,0.0,1,Male,62.70242914979757,1570.7979187921123,3.0,High,50+
1051,Chile,0.0,0.0,1.0,0,Female,34.0,1896.5800918943687,1.0,Very High,30-49
1053,Unknown,1.0,0.0,1.0,1,Male,28.0,1534.702001107427,3.0,High,18-29
1055,Peru,1.0,1.0,1.0,1,Male,87.0,1284.8458486781851,4.0,Medium,50+
1057,Unknown,0.0,0.0,1.0,1,Female,67.0,1215.1639682450575,2.0,Medium,50+
1059,India,0.0,0.0,0.0,1,Male,57.0,1135.061760867405,1.0,Low,50+
1060,Mexico,0.0,0.0,1.0,1,Female,76.0,1395.989984695084,2.0,Medium,50+
1061,Ukraine,1.0,1.0,0.0,1,Female,63.0,1395.989984695084,3.0,Medium,50+
1063,Austria,0.0,0.0,0.0,1,Female,43.0,1739.7288555139362,1.0,Very High,30-49
1064,Unknown,1.0,1.0,1.0,0,Male,15.0,1964.904947856592,3.0,Very High,0-17
1065,France,0.0,1.0,0.0,0,Male,30.0,1617.425238583792,1.0,Very High,30-49
1066,Colombia,0.0,1.0,1.0,0,Male,101.0,1416.270135610032,2.0,High,50+
1067,Canada,1.0,1.0,0.0,0,Female,98.0,1103.5582531393272,2.0,Low,50+
1069,Singapore,0.0,1.0,0.0,1,Female,33.0,1496.0984991650994,2.0,High,30-49
1070,Indonesia,1.0,1.0,0.0,1,Female,32.0,1069.6579669099344,3.0,Low,30-49
1071,Philippines,0.0,1.0,0.0,1,Male,25.0,1355.9654028926093,2.0,Medium,18-29
1072,Colombia,0.0,1.0,1.0,0,Female,20.0,1177.6659477980072,2.0,Medium,18-29
1073,Spain,0.0,1.0,0.0,0,Male,44.0,1140.9537835552858,1.0,Low,30-49
1074,Vietnam,0.0,0.0,1.0,1,Female,92.0,791.3816918188663,2.0,Low,50+
1075,Costa Rica,1.0,0.0,1.0,1,Female,52.0,1839.0455454498351,3.0,Very High,50+
1076,Peru,0.0,1.0,1.0,1,Male,45.0,1089.9121186614743,3.0,Low,30-49
1077,Brazil,1.0,1.0,0.0,1,Male,95.0,1394.8423640978433,3.0,Medium,50+
1079,Pakistan,1.0,0.0,1.0,0,Female,91.0,863.0679115980062,2.0,Low,50+
1080,Philippines,1.0,0.0,0.0,0,Female,109.0,1479.709920509424,1.0,High,50+
1081,Singapore,0.0,0.0,1.0,0,Female,53.0,1007.2955257395744,1.0,Low,50+
1082,South Korea,1.0,0.0,1.0,1,Male,37.0,1402.7031008324243,3.0,High,30-49
1083,Peru,0.0,0.0,1.0,0,Male,88.0,960.2516420886172,1.0,Low,50+
1084,India,0.0,0.0,0.0,0,Female,64.0,1520.4413791163415,0.0,High,50+
1085,Belgium,0.0,1.0,1.0,0,Female,95.0,1777.2011872987098,2.0,Very High,50+
1086,Australia,1.0,1.0,0.0,0,Male,26.0,2010.1334475564056,2.0,Very High,18-29
1087,Spain,0.0,1.0,1.0,1,Male,62.70242914979757,1755.3439166121766,3.0,Very High,50+
1088,Poland,1.0,0.0,0.0,1,Male,22.0,1555.445234221048,2.0,High,18-29
1089,Poland,1.0,0.0,0.0,1,Male,108.0,1585.5836966784732,2.0,High,50+
1090,United States,0.0,1.0,0.0,1,Male,68.0,1395.989984695084,2.0,Medium,50+
1091,Ireland,1.0,1.0,1.0,0,Male,44.0,1209.9709020019716,3.0,Medium,30-49
1092,Pakistan,0.0,0.0,1.0,0,Female,42.0,1280.6413592022743,1.0,Medium,30-49
1093,Costa Rica,1.0,1.0,0.0,1,Male,102.0,1523.897329544581,3.0,High,50+
1094,Peru,0.0,0.0,0.0,0,Male,111.0,1998.0036029907355,0.0,Very High,50+
1095,United States,1.0,0.0,1.0,1,Female,61.0,1310.3927007233913,3.0,Medium,50+
1099,India,1.0,1.0,1.0,1,Female,62.70242914979757,1719.5331763238369,4.0,Very High,50+
1100,Austria,0.0,1.0,0.0,1,Male,27.0,1395.989984695084,2.0,Medium,18-29
